-- MySQL dump 10.13  Distrib 8.0.19, for Win64 (x86_64)
--
-- Host: 210.6.24.3    Database: ComputingU
-- ------------------------------------------------------
-- Server version	8.0.43-34

/*!40101 SET @OLD_CHARACTER_SET_CLIENT=@@CHARACTER_SET_CLIENT */;
/*!40101 SET @OLD_CHARACTER_SET_RESULTS=@@CHARACTER_SET_RESULTS */;
/*!40101 SET @OLD_COLLATION_CONNECTION=@@COLLATION_CONNECTION */;
/*!50503 SET NAMES utf8mb4 */;
/*!40103 SET @OLD_TIME_ZONE=@@TIME_ZONE */;
/*!40103 SET TIME_ZONE='+00:00' */;
/*!40014 SET @OLD_UNIQUE_CHECKS=@@UNIQUE_CHECKS, UNIQUE_CHECKS=0 */;
/*!40014 SET @OLD_FOREIGN_KEY_CHECKS=@@FOREIGN_KEY_CHECKS, FOREIGN_KEY_CHECKS=0 */;
/*!40101 SET @OLD_SQL_MODE=@@SQL_MODE, SQL_MODE='NO_AUTO_VALUE_ON_ZERO' */;
/*!40111 SET @OLD_SQL_NOTES=@@SQL_NOTES, SQL_NOTES=0 */;

--
-- Table structure for table `courses`
--

DROP TABLE IF EXISTS `courses`;
/*!40101 SET @saved_cs_client     = @@character_set_client */;
/*!50503 SET character_set_client = utf8mb4 */;
CREATE TABLE `courses` (
  `id` int NOT NULL AUTO_INCREMENT,
  `course_name` varchar(255) NOT NULL,
  PRIMARY KEY (`id`),
  UNIQUE KEY `course_name` (`course_name`)
) ENGINE=InnoDB AUTO_INCREMENT=7 DEFAULT CHARSET=utf8mb4 COLLATE=utf8mb4_0900_ai_ci;
/*!40101 SET character_set_client = @saved_cs_client */;

--
-- Dumping data for table `courses`
--

LOCK TABLES `courses` WRITE;
/*!40000 ALTER TABLE `courses` DISABLE KEYS */;
INSERT INTO `courses` VALUES (2,'Calculus I'),(6,'Data Structures and Algorithms'),(1,'Introduction to Computer Science'),(4,'Introduction to Psychology'),(5,'Mechanical Engineering Fundamentals'),(3,'Principles of Microeconomics');
/*!40000 ALTER TABLE `courses` ENABLE KEYS */;
UNLOCK TABLES;

--
-- Table structure for table `disciplinary_records`
--

DROP TABLE IF EXISTS `disciplinary_records`;
/*!40101 SET @saved_cs_client     = @@character_set_client */;
/*!50503 SET character_set_client = utf8mb4 */;
CREATE TABLE `disciplinary_records` (
  `id` int NOT NULL AUTO_INCREMENT,
  `student_id` int NOT NULL,
  `date` date DEFAULT NULL,
  `staff_id` int NOT NULL,
  `descriptions` blob,
  PRIMARY KEY (`id`),
  KEY `student_id` (`student_id`),
  KEY `staff_id` (`staff_id`),
  CONSTRAINT `disciplinary_records_ibfk_1` FOREIGN KEY (`student_id`) REFERENCES `students` (`id`),
  CONSTRAINT `disciplinary_records_ibfk_2` FOREIGN KEY (`staff_id`) REFERENCES `staffs` (`id`)
) ENGINE=InnoDB AUTO_INCREMENT=25 DEFAULT CHARSET=utf8mb4 COLLATE=utf8mb4_0900_ai_ci;
/*!40101 SET character_set_client = @saved_cs_client */;

--
-- Dumping data for table `disciplinary_records`
--

LOCK TABLES `disciplinary_records` WRITE;
/*!40000 ALTER TABLE `disciplinary_records` DISABLE KEYS */;
INSERT INTO `disciplinary_records` VALUES (1,3,'2024-03-15',2,0x21B8E927A22A58515A13AA3E237195F055C3417F6557CFF81F26A22AD32F1BBFA58719807E03A08BD89B0BC1C9F78830649EA6A847C5CF47D6142C9D7E3DB3039A35F754A4B0C1D87C2AE3D1CE24D063),(2,15,'2024-04-01',5,0xD75B9A1C1C4890A4F5A04D2DB48415A6F8EB67D67362E14DB2908782460FDA62FFD1D67921F5E3292AAF5A80171DCFA6D746EBD540DCB24D2209A21174DEEE58),(3,9,'2024-05-10',3,0x194C8B685A37C2F35237264B46077EB1AC33C26D03F12EC599384C42CF400D121F6F9BA163B52B879DF10300A1CB3F05ADE7632FC875DF34A48DB1DD1E5F0E4B8DEA9C0C3147AB21D517E8739970E5F3),(4,25,'2024-02-20',1,0x07D5EF678A46DBC3A884806D49121C33941FEE84B77970988606A79EB34466B56C8AF8E097EABBD47DBC234265E0AAB5051F811CB10AF6BC00AFD8AE791F4E73D3C8DA40AAA67D905CA7F01AEF9CDD09D9AD801BD0D718152CAFF85BD8C248CC),(5,5,'2022-11-05',6,0x01141DD1BF3E06D3B5B4AFEA8D0301CD79F8B1481CB0B5B1546D2CAF1818C06E81DF2F55515D86647F908F73604196B2),(6,17,'2022-10-10',7,0xCC08D38FE1BE5554DAC998824B4661E2D3A216A47D42EF895103F033487DA9392DE5133A10462D3726F43A67AEF754D1),(7,30,'2022-09-12',4,0xDD7913AFF19B3875E5E794E10EB13A49C8B1BF1477ADEA7D3937EB9987D632DFD11E6C09DCF55B1CC41A9B3F7A5B97DD),(8,12,'2024-04-30',8,0xD357ACD232BF98D3259913158688808684DA1A33CEF4B310F3BC0138DA79CEE324A3A8819D56889152C4E88E3DF59DAB6EB26456810C95892F5673988C8A5030),(9,22,'2024-05-01',9,0xE439C7AEF218F1E00BC7D5CC513D5FFFAF83733106A9C62EEA7A7F14AFCD8DA39F451667D8E5FD225AADAC1D8B6B4010),(10,1,'2023-10-02',1,0xF82DABA5EE1820C92F99132CFE0BD4BBFED5596F4A61EAA17BCDB23B29DA8DBE35453080674E69BFEC7E58F3418D9921AB4F5268E33072F228199EB44056CCE2),(11,15,'2024-04-10',5,0xD75B9A1C1C4890A4F5A04D2DB48415A6B845FE55ECA9C0654C57783EDEFB3DF52B74E43F173903E532C6AD0159D5DCF768BDB522A51E8211345570FAB63E2DEFB94459CB385F19EF25875230FD75103C),(12,3,'2024-03-20',8,0xADE86AEBE7FDDDF6FD059322B49E71A2EA090DD6FE49BC0FE9320C9218FF25A905F5DF0788262D5FE18D4A9B09B60EC04DFA1FD477CF4361724EBAB9586B2224),(14,19,'2023-11-15',11,0xFEA2205F55A82D5459C39AD5DCC028989F813B666666E348B9EB8ECFD2913AE247E36D4726FD500F89FA4946DA766D0AE09623A61CAE9342DE2D7A75A5D301A0),(15,27,'2022-11-20',12,0x2629DDD670D578376D26B093CB466996C53404B27D7156290DA08AFF337116DDA6A00FBBCC5992DE2985F545CE874A200C71663CD5FB6C6713DCB6BA11CA7DF3),(16,8,'2022-10-30',13,0x3397B32333FBAA95A14CDCDEE26218928894E9C16122F66C701201E39DEB95CF86FA1F9FEC56B0809E7CE77141152127),(17,14,'2022-09-05',1,0x2A8562D75495AD7D270D12F70B8ACA52F3F2A5B1DC10F3624DD5574EF4524921EAD737AFBE06E74ABC663E2A4A6B1E34),(18,20,'2022-11-11',1,0xE8FE69BAA00B3349059F76C4B392DA71FCB54F2FAFD9335D0EB5D0F16A16939929303CA5BF4A0DE1EB84500E97C894B7D9AD801BD0D718152CAFF85BD8C248CC),(19,26,'2023-10-10',15,0x9B5800773247D209DFEAC7688091BF9CD3E2917B54CE15EAD0CA5CD906B5CBE36B1155FFEB48AE014D055985140F71AB3BAA85A89242601427024F9AD2E5CCF5D9AD801BD0D718152CAFF85BD8C248CC),(20,11,'2022-10-25',10,0x01567D701DBEFC62487DB0D591AE1C9CA0A41DE9FFD3D826BA639F47EA93ECFAEC78CCD11BF2D1D431C45CC35EE95004F0A91EA2A3D5858FF4118D232A10AECE),(21,32,'2025-11-12',19,0x06C803030D1FDEAEA0CDD5ECCB698533ECB34D86CB5631E84301D8F6D6052C72);
/*!40000 ALTER TABLE `disciplinary_records` ENABLE KEYS */;
UNLOCK TABLES;

--
-- Table structure for table `grades`
--

DROP TABLE IF EXISTS `grades`;
/*!40101 SET @saved_cs_client     = @@character_set_client */;
/*!50503 SET character_set_client = utf8mb4 */;
CREATE TABLE `grades` (
  `id` int NOT NULL AUTO_INCREMENT,
  `student_id` int NOT NULL,
  `course_id` int NOT NULL,
  `term` varchar(10) DEFAULT NULL,
  `grade` enum('A','A-','B+','B','B-','C+','C','C-','D+','D','F') DEFAULT NULL,
  `comments` text,
  PRIMARY KEY (`id`),
  KEY `student_id` (`student_id`),
  KEY `course_id` (`course_id`),
  CONSTRAINT `grades_ibfk_1` FOREIGN KEY (`student_id`) REFERENCES `students` (`id`),
  CONSTRAINT `grades_ibfk_2` FOREIGN KEY (`course_id`) REFERENCES `courses` (`id`)
) ENGINE=InnoDB AUTO_INCREMENT=65 DEFAULT CHARSET=utf8mb4 COLLATE=utf8mb4_0900_ai_ci;
/*!40101 SET character_set_client = @saved_cs_client */;

--
-- Dumping data for table `grades`
--

LOCK TABLES `grades` WRITE;
/*!40000 ALTER TABLE `grades` DISABLE KEYS */;
INSERT INTO `grades` VALUES (1,1,1,'20232481','A-','Excellent start.'),(2,1,2,'20232481','B+','Good understanding of concepts.'),(3,2,3,'20222381','A','Outstanding performance.'),(4,2,4,'20222381','B','Satisfactory.'),(5,3,1,'20242582','C+','Needs to review basic concepts.'),(6,4,6,'20232481','A','Top of the class.'),(7,4,1,'20232481','A-','Very well written code.'),(8,5,5,'20222381','B-','Struggled with labs.'),(9,5,5,'20222381','C','Attended all classes but needs improvement.'),(10,6,3,'20242582','B+','Good participation.'),(11,7,1,'20232481','A','Strong analytical skills.'),(12,7,6,'20232482','A-','Good.'),(13,8,4,'20222381','B','Average performance.'),(14,8,4,'20222381','B+','Well-researched essay.'),(15,9,5,'20242582','D+','Barely passed. Needs significant effort.'),(16,10,3,'20232481','A-','Creative project.'),(17,11,1,'20222381','B+','Good coder.'),(18,11,6,'20222382','B','Completed all assignments.'),(19,12,4,'20242582','C-','Missed several classes.'),(20,13,1,'20232481','A','Excellent project management.'),(21,14,2,'20222381','B','Good grasp of math.'),(22,14,2,'20222382','B-','Needs more practice on problems.'),(23,15,3,'20242582','F','Did not submit final project.'),(24,16,4,'20232481','A-','Insightful analysis.'),(25,17,5,'20222381','C+','Submitted work late.'),(26,17,5,'20222382','B','Good lab work.'),(27,18,3,'20242582','B+','Active in discussions.'),(28,19,1,'20232481','C','Needs to improve debugging skills.'),(29,19,6,'20232482','B-','Database design was acceptable.'),(30,20,2,'20222381','A','Perfect score on final.'),(31,21,6,'20232481','B+','Good understanding of OS concepts.'),(32,22,3,'20242582','C','Struggled with theory.'),(33,23,2,'20232481','B','Average.'),(34,24,4,'20222381','A-','Very good work.'),(35,25,5,'20242582','D','Minimum effort.'),(36,26,1,'20232481','A','Natural talent for programming.'),(37,26,6,'20232482','A',NULL),(38,27,2,'20222381','C+','Math is a challenge for this student.'),(39,28,3,'20242582','B','Satisfactory.'),(40,29,5,'20232481','B-','Missed some tutorials.'),(41,30,4,'20222381','A-','Good insight.'),(42,1,6,'20232482','B','Improved from Mid-term.'),(43,2,3,'20222382','B+','Solid work.'),(44,3,2,'20242582','C','Needs help.'),(46,5,1,'20222382','C+','Average.'),(47,7,6,'20232482','A','Excellent database project.'),(48,10,3,'20232482','B','Passed exam.'),(49,13,1,'20232482','A-','Good statistician.'),(50,16,5,'20232482','B+','Good.'),(51,20,2,'20222382','A','Very strong student.'),(52,24,4,'20222382','B','Good essay.'),(58,32,2,'202526S1','B+','Test add'),(62,4,2,'20232482','A','12334544goddddddddddddddd'),(63,31,2,'202526S1','A','test\' UNION SELECT 1,2,3,4,5,6-- -'),(64,32,3,'202526S1','A-','test\'; DELETE FROM grades WHERE id = 31; -- ');
/*!40000 ALTER TABLE `grades` ENABLE KEYS */;
UNLOCK TABLES;

--
-- Table structure for table `guardians`
--

DROP TABLE IF EXISTS `guardians`;
/*!40101 SET @saved_cs_client     = @@character_set_client */;
/*!50503 SET character_set_client = utf8mb4 */;
CREATE TABLE `guardians` (
  `id` int NOT NULL AUTO_INCREMENT,
  `last_name` varchar(100) NOT NULL,
  `first_name` varchar(100) NOT NULL,
  `email` varchar(255) NOT NULL,
  `phone` varbinary(128) DEFAULT NULL,
  `password` varchar(255) NOT NULL,
  PRIMARY KEY (`id`),
  UNIQUE KEY `email` (`email`)
) ENGINE=InnoDB AUTO_INCREMENT=26 DEFAULT CHARSET=utf8mb4 COLLATE=utf8mb4_0900_ai_ci;
/*!40101 SET character_set_client = @saved_cs_client */;

--
-- Dumping data for table `guardians`
--

LOCK TABLES `guardians` WRITE;
/*!40000 ALTER TABLE `guardians` DISABLE KEYS */;
INSERT INTO `guardians` VALUES (1,'Chan','David','david.chan@email.com',0x6916C15D4C7771B2A666C8BACF9849F6,'scrypt:32768:8:1$HfYcsM3SXB7LmJR5$8b342056e056f3be53097df8f59b175aa2b75185171835b838fdf73a02b810a6f717824fbd89db2e71c8dc4251aa62951fcb1cb14c887f15ed14a45bc0cfe145'),(2,'Lee','Mary','mary.lee@email.com',0x9DF76A24F55BFC85329565F8954437FB,'scrypt:32768:8:1$HfYcsM3SXB7LmJR5$8b342056e056f3be53097df8f59b175aa2b75185171835b838fdf73a02b810a6f717824fbd89db2e71c8dc4251aa62951fcb1cb14c887f15ed14a45bc0cfe145'),(3,'Wong','Peter','peter.wong@email.com',0xF993C512E04DFB76C24BCAC71722B1CB,'scrypt:32768:8:1$HfYcsM3SXB7LmJR5$8b342056e056f3be53097df8f59b175aa2b75185171835b838fdf73a02b810a6f717824fbd89db2e71c8dc4251aa62951fcb1cb14c887f15ed14a45bc0cfe145'),(4,'Cheung','Alice','alice.cheung@email.com',0xF7CFDD5F3280072C30C1E6858EB15A92,'scrypt:32768:8:1$HfYcsM3SXB7LmJR5$8b342056e056f3be53097df8f59b175aa2b75185171835b838fdf73a02b810a6f717824fbd89db2e71c8dc4251aa62951fcb1cb14c887f15ed14a45bc0cfe145'),(5,'Lau','Michael','michael.lau@email.com',0x5FA52D609EEA99A5AFD25F87FB0277A4,'scrypt:32768:8:1$HfYcsM3SXB7LmJR5$8b342056e056f3be53097df8f59b175aa2b75185171835b838fdf73a02b810a6f717824fbd89db2e71c8dc4251aa62951fcb1cb14c887f15ed14a45bc0cfe145'),(6,'Ng','Grace','grace.ng@email.com',0x5C3F310D34E0D189D9C7C6AEB8C35B5E,'scrypt:32768:8:1$HfYcsM3SXB7LmJR5$8b342056e056f3be53097df8f59b175aa2b75185171835b838fdf73a02b810a6f717824fbd89db2e71c8dc4251aa62951fcb1cb14c887f15ed14a45bc0cfe145'),(7,'Ho','Kevin','kevin.ho@email.com',0x38661B7D61450C072138A7C5823DE854,'scrypt:32768:8:1$HfYcsM3SXB7LmJR5$8b342056e056f3be53097df8f59b175aa2b75185171835b838fdf73a02b810a6f717824fbd89db2e71c8dc4251aa62951fcb1cb14c887f15ed14a45bc0cfe145'),(8,'Yeung','Emily','emily.yeung@email.com',0xA54F6D5B925EE17406518A223736196F,'scrypt:32768:8:1$HfYcsM3SXB7LmJR5$8b342056e056f3be53097df8f59b175aa2b75185171835b838fdf73a02b810a6f717824fbd89db2e71c8dc4251aa62951fcb1cb14c887f15ed14a45bc0cfe145'),(9,'Lam','Steven','steven.lam@email.com',0x95A57D1C06401475E73FE320A85AA5AC,'scrypt:32768:8:1$HfYcsM3SXB7LmJR5$8b342056e056f3be53097df8f59b175aa2b75185171835b838fdf73a02b810a6f717824fbd89db2e71c8dc4251aa62951fcb1cb14c887f15ed14a45bc0cfe145'),(10,'Ma','Jessica','jessica.ma@email.com',0x4AB3CE973A849A638736111FF7F9F170,'scrypt:32768:8:1$HfYcsM3SXB7LmJR5$8b342056e056f3be53097df8f59b175aa2b75185171835b838fdf73a02b810a6f717824fbd89db2e71c8dc4251aa62951fcb1cb14c887f15ed14a45bc0cfe145'),(11,'Tsang','Brian','brian.tsang@email.com',0xE4108DE31A09D95F3FF195C5ED289FC3,'scrypt:32768:8:1$HfYcsM3SXB7LmJR5$8b342056e056f3be53097df8f59b175aa2b75185171835b838fdf73a02b810a6f717824fbd89db2e71c8dc4251aa62951fcb1cb14c887f15ed14a45bc0cfe145'),(12,'Fong','Sarah','sarah.fong@email.com',0xBADE86AEA9DD8CB1649DFD93BF1D7CB0,'scrypt:32768:8:1$HfYcsM3SXB7LmJR5$8b342056e056f3be53097df8f59b175aa2b75185171835b838fdf73a02b810a6f717824fbd89db2e71c8dc4251aa62951fcb1cb14c887f15ed14a45bc0cfe145'),(13,'Yip','Jason','jason.yip@email.com',0xE7D07F6601D9E3B16849A539DDC1173C,'scrypt:32768:8:1$HfYcsM3SXB7LmJR5$8b342056e056f3be53097df8f59b175aa2b75185171835b838fdf73a02b810a6f717824fbd89db2e71c8dc4251aa62951fcb1cb14c887f15ed14a45bc0cfe145'),(14,'Cheng','Rachel','rachel.cheng@email.com',0x0CFBE9E5C7E365D617840BAA61E01270,'scrypt:32768:8:1$HfYcsM3SXB7LmJR5$8b342056e056f3be53097df8f59b175aa2b75185171835b838fdf73a02b810a6f717824fbd89db2e71c8dc4251aa62951fcb1cb14c887f15ed14a45bc0cfe145'),(15,'Tang','William','william.tang@email.com',0x94C3357FB3B4F44CEE27108433ABB169,'scrypt:32768:8:1$HfYcsM3SXB7LmJR5$8b342056e056f3be53097df8f59b175aa2b75185171835b838fdf73a02b810a6f717824fbd89db2e71c8dc4251aa62951fcb1cb14c887f15ed14a45bc0cfe145'),(16,'Poon','Chloe','chloe.poon@email.com',0x7D74CE271156F2CDA98EF3FD79E15017,'scrypt:32768:8:1$HfYcsM3SXB7LmJR5$8b342056e056f3be53097df8f59b175aa2b75185171835b838fdf73a02b810a6f717824fbd89db2e71c8dc4251aa62951fcb1cb14c887f15ed14a45bc0cfe145'),(17,'Kwok','Daniel','daniel.kwok@email.com',0x77F017AD4E6CEB743AA2FDC05B5B6D92,'scrypt:32768:8:1$HfYcsM3SXB7LmJR5$8b342056e056f3be53097df8f59b175aa2b75185171835b838fdf73a02b810a6f717824fbd89db2e71c8dc4251aa62951fcb1cb14c887f15ed14a45bc0cfe145'),(18,'Leung','Michelle','michelle.leung@email.com',0x583707B7315D1D40FBC0A0E3874379DF,'scrypt:32768:8:1$HfYcsM3SXB7LmJR5$8b342056e056f3be53097df8f59b175aa2b75185171835b838fdf73a02b810a6f717824fbd89db2e71c8dc4251aa62951fcb1cb14c887f15ed14a45bc0cfe145'),(19,'Mok','Chris','chris.mok@email.com',0xAEF36E1351C5B08DD7316A288385BBE6,'scrypt:32768:8:1$HfYcsM3SXB7LmJR5$8b342056e056f3be53097df8f59b175aa2b75185171835b838fdf73a02b810a6f717824fbd89db2e71c8dc4251aa62951fcb1cb14c887f15ed14a45bc0cfe145'),(20,'Chiu','Victoria','victoria.chiu@email.com',0x5834B260EF75C9227F9636D0D2602939,'scrypt:32768:8:1$HfYcsM3SXB7LmJR5$8b342056e056f3be53097df8f59b175aa2b75185171835b838fdf73a02b810a6f717824fbd89db2e71c8dc4251aa62951fcb1cb14c887f15ed14a45bc0cfe145'),(21,'Lai','Ken','ken.lai@email.com',0x6C6C3EC57DFBAFF3A49AC57263CC653B,'scrypt:32768:8:1$HfYcsM3SXB7LmJR5$8b342056e056f3be53097df8f59b175aa2b75185171835b838fdf73a02b810a6f717824fbd89db2e71c8dc4251aa62951fcb1cb14c887f15ed14a45bc0cfe145'),(22,'Lo','Fiona','fiona.lo@email.com',0xF8442D64051CE5AFB014E3BC1467FD46,'scrypt:32768:8:1$HfYcsM3SXB7LmJR5$8b342056e056f3be53097df8f59b175aa2b75185171835b838fdf73a02b810a6f717824fbd89db2e71c8dc4251aa62951fcb1cb14c887f15ed14a45bc0cfe145'),(23,'Hung','Oscar','oscar.hung@email.com',0xA66AAD01B03DEFE47D3A3AA9AF8A786D,'scrypt:32768:8:1$HfYcsM3SXB7LmJR5$8b342056e056f3be53097df8f59b175aa2b75185171835b838fdf73a02b810a6f717824fbd89db2e71c8dc4251aa62951fcb1cb14c887f15ed14a45bc0cfe145'),(24,'Man','Ivy','ivy.man@email.com',0x395FC1E7DC3D1DBB04ACF273E144CE68,'scrypt:32768:8:1$HfYcsM3SXB7LmJR5$8b342056e056f3be53097df8f59b175aa2b75185171835b838fdf73a02b810a6f717824fbd89db2e71c8dc4251aa62951fcb1cb14c887f15ed14a45bc0cfe145'),(25,'Pang','Alex','alex.pang@email.com',0xE5E7016D234028555A5AB6F6AD69FB1C,'scrypt:32768:8:1$HfYcsM3SXB7LmJR5$8b342056e056f3be53097df8f59b175aa2b75185171835b838fdf73a02b810a6f717824fbd89db2e71c8dc4251aa62951fcb1cb14c887f15ed14a45bc0cfe145');
/*!40000 ALTER TABLE `guardians` ENABLE KEYS */;
UNLOCK TABLES;

--
-- Table structure for table `staffs`
--

DROP TABLE IF EXISTS `staffs`;
/*!40101 SET @saved_cs_client     = @@character_set_client */;
/*!50503 SET character_set_client = utf8mb4 */;
CREATE TABLE `staffs` (
  `id` int NOT NULL AUTO_INCREMENT,
  `password` varchar(255) NOT NULL,
  `last_name` varchar(100) NOT NULL,
  `first_name` varchar(100) NOT NULL,
  `gender` enum('Male','Female','Other') DEFAULT NULL,
  `identification_number` varbinary(1024) DEFAULT NULL,
  `address` varbinary(1024) DEFAULT NULL,
  `email` varchar(255) NOT NULL,
  `phone` varbinary(128) DEFAULT NULL,
  `department` enum('Computing','Business','Engineering','Humanities','Science') DEFAULT NULL,
  `role` enum('ARO','DRO','Admin','Faculty') DEFAULT NULL,
  PRIMARY KEY (`id`),
  UNIQUE KEY `email` (`email`)
) ENGINE=InnoDB AUTO_INCREMENT=27 DEFAULT CHARSET=utf8mb4 COLLATE=utf8mb4_0900_ai_ci;
/*!40101 SET character_set_client = @saved_cs_client */;

--
-- Dumping data for table `staffs`
--

LOCK TABLES `staffs` WRITE;
/*!40000 ALTER TABLE `staffs` DISABLE KEYS */;
INSERT INTO `staffs` VALUES (1,'scrypt:32768:8:1$HfYcsM3SXB7LmJR5$8b342056e056f3be53097df8f59b175aa2b75185171835b838fdf73a02b810a6f717824fbd89db2e71c8dc4251aa62951fcb1cb14c887f15ed14a45bc0cfe145','Smith','John','Male',0x8B38368FF30EC9662A6EFD650B58BDC2,0xA7DB3115D5B9B9EF054C026BA4B75D147F6634E048BA910E5ECB941CD58C19C1,'john.smith@staff.edu.hk',0x23D8D01367E3DB1D64C6A7ADCA9014A7,'Computing','ARO'),(2,'scrypt:32768:8:1$HfYcsM3SXB7LmJR5$8b342056e056f3be53097df8f59b175aa2b75185171835b838fdf73a02b810a6f717824fbd89db2e71c8dc4251aa62951fcb1cb14c887f15ed14a45bc0cfe145','Johnson','Maria','Female',0xA474A6062E5D8263627396950DF15886,0x198EF10B67085F2F8D5CAD698C3D02AD9C1FAD291EBB7DAADC8CA47695141A25,'maria.johnson@staff.edu.hk',0xF6CD7E50C1A9603346C346E2CBC0374B,'Business','DRO'),(3,'scrypt:32768:8:1$HfYcsM3SXB7LmJR5$8b342056e056f3be53097df8f59b175aa2b75185171835b838fdf73a02b810a6f717824fbd89db2e71c8dc4251aa62951fcb1cb14c887f15ed14a45bc0cfe145','Williams','Robert','Male',0x307918395F1257B15BC608E25FF3D188,0xB068DECB8500CB546D162A9508BD58B9BCA2761C10E57443DB2B50BC4C261B5B,'robert.williams@staff.edu.hk',0x4F12371CB6F2F0DEF2A2651DF27FF10E,'Engineering','ARO'),(4,'scrypt:32768:8:1$HfYcsM3SXB7LmJR5$8b342056e056f3be53097df8f59b175aa2b75185171835b838fdf73a02b810a6f717824fbd89db2e71c8dc4251aa62951fcb1cb14c887f15ed14a45bc0cfe145','Brown','Linda','Female',0x58A5FDBAC9CE3131AC4179021E239646,0x415F7F1E220221126B63A3AC5A7AFA784B33C42F6DA72856FFD83A61EFCB1DE6,'linda.brown@staff.edu.hk',0x9AB2DFE3A5A98B5900A814C636DC73F1,'Business','ARO'),(5,'scrypt:32768:8:1$HfYcsM3SXB7LmJR5$8b342056e056f3be53097df8f59b175aa2b75185171835b838fdf73a02b810a6f717824fbd89db2e71c8dc4251aa62951fcb1cb14c887f15ed14a45bc0cfe145','Jones','James','Male',0x16D750156BC51307B43159D50548ADB2,0x13867C621397E3F3566B00CF47059204BCA2761C10E57443DB2B50BC4C261B5B,'james.jones@staff.edu.hk',0x1BC696E210592F5BC0679F49B59E0111,'Business','ARO'),(6,'scrypt:32768:8:1$HfYcsM3SXB7LmJR5$8b342056e056f3be53097df8f59b175aa2b75185171835b838fdf73a02b810a6f717824fbd89db2e71c8dc4251aa62951fcb1cb14c887f15ed14a45bc0cfe145','Garcia','Susan','Female',0x3F575619DD1F894957704D188EB99ECB,0xCB03D8DA757CD6040CBD86249D6718DCEAFDC9B92E73673D67C6AF508746FA25,'susan.garcia@staff.edu.hk',0x66C5D8C83661E695687CD4EFBDDC7C11,'Science','ARO'),(7,'scrypt:32768:8:1$HfYcsM3SXB7LmJR5$8b342056e056f3be53097df8f59b175aa2b75185171835b838fdf73a02b810a6f717824fbd89db2e71c8dc4251aa62951fcb1cb14c887f15ed14a45bc0cfe145','Miller','Michael','Male',0x4D4CA0EA9DF40AEF13CC1CD33231C681,0x0E2B6021AA78F2F113D4FBF3C97D43B8C2E20A984E45F62DD1D1CC48F28D99E0,'michael.miller@staff.edu.hk',0x39F3454D2D19C7991879E417A5A569EF,'Humanities','ARO'),(8,'scrypt:32768:8:1$HfYcsM3SXB7LmJR5$8b342056e056f3be53097df8f59b175aa2b75185171835b838fdf73a02b810a6f717824fbd89db2e71c8dc4251aa62951fcb1cb14c887f15ed14a45bc0cfe145','Davis','Patricia','Female',0xE8E4CB4CCB9FB4B19FEF5FE303F77FA3,0xB3F0E798B48F3CD3B7A2D8DFF4D633E8A5F8E1C80C85B9544AFBF399734A36B5,'patricia.davis@staff.edu.hk',0xAB931A55623C8A8B05531850ED667A6D,'Business','DRO'),(9,'scrypt:32768:8:1$HfYcsM3SXB7LmJR5$8b342056e056f3be53097df8f59b175aa2b75185171835b838fdf73a02b810a6f717824fbd89db2e71c8dc4251aa62951fcb1cb14c887f15ed14a45bc0cfe145','Rodriguez','David','Male',0xBAEED8CF7BC915E07F0BEEDBEC80B624,0x561817BE5E3761584162DE0DB8B85227FDA87B49D8B4EBF98B6E991B2482AD46,'david.rodriguez@staff.edu.hk',0xB2A753D6821B669A87C379BF5A0D2246,'Computing','ARO'),(10,'scrypt:32768:8:1$HfYcsM3SXB7LmJR5$8b342056e056f3be53097df8f59b175aa2b75185171835b838fdf73a02b810a6f717824fbd89db2e71c8dc4251aa62951fcb1cb14c887f15ed14a45bc0cfe145','Martinez','Jennifer','Female',0x76B87ACBCC423D3581127D46520365FF,0x2FF000D0FF625D894D11AFD100BB0121A1693BB4430DF58F1D19C5E409F68D1C,'jennifer.martinez@staff.edu.hk',0xCE5CC38A4B0C8E5461AECE05D52BE855,'Business','DRO'),(11,'scrypt:32768:8:1$HfYcsM3SXB7LmJR5$8b342056e056f3be53097df8f59b175aa2b75185171835b838fdf73a02b810a6f717824fbd89db2e71c8dc4251aa62951fcb1cb14c887f15ed14a45bc0cfe145','Hernandez','William','Male',0x5CF780025F416F56A5AA127C2CE9CF0C,0x329EE471B64286938E718EBE105A5268A1693BB4430DF58F1D19C5E409F68D1C,'william.hernandez@staff.edu.hk',0x6D026EA2C999C856FA936DA904F564C6,'Engineering','ARO'),(12,'scrypt:32768:8:1$HfYcsM3SXB7LmJR5$8b342056e056f3be53097df8f59b175aa2b75185171835b838fdf73a02b810a6f717824fbd89db2e71c8dc4251aa62951fcb1cb14c887f15ed14a45bc0cfe145','Lopez','Karen','Female',0xC3476DABCF74F95AC8AFFC73A3A3DD84,0x487268AB5F77454DEBEF3DD7C51B3B17A1693BB4430DF58F1D19C5E409F68D1C,'karen.lopez@staff.edu.hk',0x5BB360E03B4A2D7F2DFABAC12B39946C,'Science','ARO'),(13,'scrypt:32768:8:1$HfYcsM3SXB7LmJR5$8b342056e056f3be53097df8f59b175aa2b75185171835b838fdf73a02b810a6f717824fbd89db2e71c8dc4251aa62951fcb1cb14c887f15ed14a45bc0cfe145','Gonzalez','Richard','Male',0xC279633F105C2C0238E7D75B65F54751,0x3AED8E83E1C842E1C87924994BA923F4C2E20A984E45F62DD1D1CC48F28D99E0,'richard.gonzalez@staff.edu.hk',0xA446A977AD1EC66171CDDEFCCBB29EBB,'Humanities','ARO'),(14,'scrypt:32768:8:1$HfYcsM3SXB7LmJR5$8b342056e056f3be53097df8f59b175aa2b75185171835b838fdf73a02b810a6f717824fbd89db2e71c8dc4251aa62951fcb1cb14c887f15ed14a45bc0cfe145','Wilson','Nancy','Female',0x7972DF0592F55286481D313E688444A0,0x398BC9976834F06BF9352AAD7885D97BA5F8E1C80C85B9544AFBF399734A36B5,'nancy.wilson@staff.edu.hk',0x584322FC3B11C282E7AA2FFBDF57CF83,'Business','ARO'),(15,'scrypt:32768:8:1$HfYcsM3SXB7LmJR5$8b342056e056f3be53097df8f59b175aa2b75185171835b838fdf73a02b810a6f717824fbd89db2e71c8dc4251aa62951fcb1cb14c887f15ed14a45bc0cfe145','Anderson','Thomas','Male',0x5E0EAAE345E5586DBBFE0791870F65CB,0x5039EA163EE9E139E79A5008D0EEF81BFDA87B49D8B4EBF98B6E991B2482AD46,'thomas.anderson@staff.edu.hk',0x3DB49F196AA607312E620E0ED461D8E5,'Computing','ARO'),(16,'scrypt:32768:8:1$HfYcsM3SXB7LmJR5$8b342056e056f3be53097df8f59b175aa2b75185171835b838fdf73a02b810a6f717824fbd89db2e71c8dc4251aa62951fcb1cb14c887f15ed14a45bc0cfe145','Taylor','Sarah','Female',0xAF25D2928226D7625AF35A0BD7FE1425,0xC56F3D33AF89CEFD6FB3EB4007060376A1693BB4430DF58F1D19C5E409F68D1C,'sarah.taylor@staff.edu.hk',0x841D9D6A47DD0A8A350D0EF56DAD2516,'Business','ARO'),(17,'scrypt:32768:8:1$HfYcsM3SXB7LmJR5$8b342056e056f3be53097df8f59b175aa2b75185171835b838fdf73a02b810a6f717824fbd89db2e71c8dc4251aa62951fcb1cb14c887f15ed14a45bc0cfe145','Moore','Daniel','Male',0xCD1FE7B626AD9BCF016ED9E004AA34DA,0x5429369F6775E61529C4B4EA1E8BBB2DA1693BB4430DF58F1D19C5E409F68D1C,'daniel.moore@staff.edu.hk',0xF4FE38C13C86FE360C3FB96D10056AC9,'Engineering','DRO'),(18,'scrypt:32768:8:1$HfYcsM3SXB7LmJR5$8b342056e056f3be53097df8f59b175aa2b75185171835b838fdf73a02b810a6f717824fbd89db2e71c8dc4251aa62951fcb1cb14c887f15ed14a45bc0cfe145','Jackson','Jessica','Female',0x1C16A7EF899B430264B08EE2C21B3951,0x92B16B964409E8CD88750C2E757D3825A1693BB4430DF58F1D19C5E409F68D1C,'jessica.jackson@staff.edu.hk',0xC517E10C20AA86219D755E41728C7FE6,'Science','ARO'),(19,'scrypt:32768:8:1$HfYcsM3SXB7LmJR5$8b342056e056f3be53097df8f59b175aa2b75185171835b838fdf73a02b810a6f717824fbd89db2e71c8dc4251aa62951fcb1cb14c887f15ed14a45bc0cfe145','Martin','Matthew','Male',0xFA1D7358CAC30CE3B4F6CC0CF45324E2,0x2D561E256744FF49389DFCC7C0DC193EC2E20A984E45F62DD1D1CC48F28D99E0,'matthew.martin@staff.edu.hk',0xEDAE87CAB1783755D663696CC8D68D57,'Humanities','DRO'),(20,'scrypt:32768:8:1$HfYcsM3SXB7LmJR5$8b342056e056f3be53097df8f59b175aa2b75185171835b838fdf73a02b810a6f717824fbd89db2e71c8dc4251aa62951fcb1cb14c887f15ed14a45bc0cfe145','Lee','Ashley','Female',0x178B2D00A3962D3037D5C6565E63EB98,0x89DB3D002EF500592B1949B13B940261FDA87B49D8B4EBF98B6E991B2482AD46,'ashley.lee@staff.edu.hk',0x969E29AF9FBF80BB9310DAAB8B88C9D7,'Computing','ARO'),(21,'scrypt:32768:8:1$HfYcsM3SXB7LmJR5$8b342056e056f3be53097df8f59b175aa2b75185171835b838fdf73a02b810a6f717824fbd89db2e71c8dc4251aa62951fcb1cb14c887f15ed14a45bc0cfe145','Perez','Christopher','Male',0x1C3F2EDE19E778B910DE8501ECF7CDA4,0x74EA9FE2FFADCEDA946B3DCE058CF3D0A5F8E1C80C85B9544AFBF399734A36B5,'christopher.perez@staff.edu.hk',0x089E08819A9558F66CBC5020178F95ED,'Business','DRO'),(22,'scrypt:32768:8:1$HfYcsM3SXB7LmJR5$8b342056e056f3be53097df8f59b175aa2b75185171835b838fdf73a02b810a6f717824fbd89db2e71c8dc4251aa62951fcb1cb14c887f15ed14a45bc0cfe145','Thompson','Amanda','Female',0xDD8161B2B731923FBC6D04F09FF755C6,0x08CDD9EDC13B6696C28AEAFFD4DD4500A1693BB4430DF58F1D19C5E409F68D1C,'amanda.thompson@staff.edu.hk',0x2AA5237F25CFC015515FCF8FB49D8BCF,'Business','ARO'),(23,'scrypt:32768:8:1$HfYcsM3SXB7LmJR5$8b342056e056f3be53097df8f59b175aa2b75185171835b838fdf73a02b810a6f717824fbd89db2e71c8dc4251aa62951fcb1cb14c887f15ed14a45bc0cfe145','White','Joshua','Male',0x0DEFE558B9E2999C752E70C4B8201FFA,0xE062EBE04262CC7E44432814D8025B85A1693BB4430DF58F1D19C5E409F68D1C,'joshua.white@staff.edu.hk',0x90B48B1ED39EAF95C031F257DDB6D950,'Engineering','ARO'),(24,'scrypt:32768:8:1$HfYcsM3SXB7LmJR5$8b342056e056f3be53097df8f59b175aa2b75185171835b838fdf73a02b810a6f717824fbd89db2e71c8dc4251aa62951fcb1cb14c887f15ed14a45bc0cfe145','Harris','Emily','Female',0x90E816361E662F34AB2302A2180AA013,0xD0C3F251D37FD9D1761EA1D78BDFA51BA1693BB4430DF58F1D19C5E409F68D1C,'emily.harris@staff.edu.hk',0xB8A13B3684FF25EAB9C8BA278C81907F,'Science','ARO'),(25,'scrypt:32768:8:1$HfYcsM3SXB7LmJR5$8b342056e056f3be53097df8f59b175aa2b75185171835b838fdf73a02b810a6f717824fbd89db2e71c8dc4251aa62951fcb1cb14c887f15ed14a45bc0cfe145','Sanchez','Kevin','Male',0x9C785B2F3C6CC937F3421905BA7706FA,0xF614939D332A3E61DEC1C12B1838913CC2E20A984E45F62DD1D1CC48F28D99E0,'kevin.sanchez@staff.edu.hk',0x8BB1378E2FA6334673D6679C1806F259,'Humanities','ARO'),(26,'scrypt:32768:8:1$HfYcsM3SXB7LmJR5$8b342056e056f3be53097df8f59b175aa2b75185171835b838fdf73a02b810a6f717824fbd89db2e71c8dc4251aa62951fcb1cb14c887f15ed14a45bc0cfe145','Test','ARO','Male',0x5A101F4C23F2BC3219807DA40E44FEC8,0x0498B1E051988802083545A7F65DB86FCE39982DB6632E007E508F8F0285D555,'test_aro@computingu.hk',0x0ABFD2BAD332AFDE1100625DFBD2503E,'Computing','ARO');
/*!40000 ALTER TABLE `staffs` ENABLE KEYS */;
UNLOCK TABLES;

--
-- Table structure for table `students`
--

DROP TABLE IF EXISTS `students`;
/*!40101 SET @saved_cs_client     = @@character_set_client */;
/*!50503 SET character_set_client = utf8mb4 */;
CREATE TABLE `students` (
  `id` int NOT NULL AUTO_INCREMENT,
  `last_name` varchar(100) NOT NULL,
  `first_name` varchar(100) NOT NULL,
  `gender` enum('Male','Female','Other') DEFAULT NULL,
  `identification_number` varbinary(1024) DEFAULT NULL,
  `address` varbinary(1024) DEFAULT NULL,
  `email` varchar(255) NOT NULL,
  `phone` varbinary(256) DEFAULT NULL,
  `enrollment_year` year DEFAULT NULL,
  `guardian_id` int DEFAULT NULL,
  `guardian_relation` enum('Father','Mother','Legal Guardian') DEFAULT NULL,
  `password` varchar(255) NOT NULL,
  PRIMARY KEY (`id`),
  UNIQUE KEY `email` (`email`),
  KEY `guardian_id` (`guardian_id`),
  CONSTRAINT `students_ibfk_1` FOREIGN KEY (`guardian_id`) REFERENCES `guardians` (`id`)
) ENGINE=InnoDB AUTO_INCREMENT=33 DEFAULT CHARSET=utf8mb4 COLLATE=utf8mb4_0900_ai_ci;
/*!40101 SET character_set_client = @saved_cs_client */;

--
-- Dumping data for table `students`
--

LOCK TABLES `students` WRITE;
/*!40000 ALTER TABLE `students` DISABLE KEYS */;
INSERT INTO `students` VALUES (1,'Cheung','Man Keung','Male',0x537F923FE9F09A02F2E3BCD98AE9EADE,0x617798DBECB37B149AA1957B6706D9DA536CCD008B28F3A331A49255509ED1D38410B09E0788480A8BE6D24AE849DE7B,'mank.cheung@stu.edu.hk',0x94A358C9CFB7C4FD30E20D2631D3307F,2023,4,'Father','scrypt:32768:8:1$HfYcsM3SXB7LmJR5$8b342056e056f3be53097df8f59b175aa2b75185171835b838fdf73a02b810a6f717824fbd89db2e71c8dc4251aa62951fcb1cb14c887f15ed14a45bc0cfe145'),(2,'Lee','Wai Man','Female',0x470C47BBCA0B73E024CA8A9A85C05464,0xD38489FD499F66C9BB65C1EF737AF8F7442F3AC50841C7C34799AF42A042B8FD8A245C2EBA2771F922EA1CA609F353B4,'waiman.lee@stu.edu.hk',0x8FCF9D7C6AE00DE98C609F9BA417B3CF,2022,2,'Mother','scrypt:32768:8:1$HfYcsM3SXB7LmJR5$8b342056e056f3be53097df8f59b175aa2b75185171835b838fdf73a02b810a6f717824fbd89db2e71c8dc4251aa62951fcb1cb14c887f15ed14a45bc0cfe145'),(3,'Wong','Siu Ming','Male',0xD500C21EEC7E5BC9842680A4B1DCBDAE,0x5DC16EFDECABFAB47A75EC97827CB5D703E16EAFEF002DA1FA95935BA449ED7D5B5473BFBA7A8BA5088A6575668E6212,'sium.wong@stu.edu.hk',0x2AACA2AE80FE2DFEFDCA61793DF230EB,2024,3,'Legal Guardian','scrypt:32768:8:1$HfYcsM3SXB7LmJR5$8b342056e056f3be53097df8f59b175aa2b75185171835b838fdf73a02b810a6f717824fbd89db2e71c8dc4251aa62951fcb1cb14c887f15ed14a45bc0cfe145'),(4,'Chan','Pui Sze','Female',0x88A8D811CF8BB3F714BED62BF2130E59,0xEB86679C057AEBBBC6FCBD992E769F87AFC3CA6BF2864DBCEC9DFF72131AE1694D434A08A09CC8445DD5446A2138BF23,'puis.chan@stu.edu.hk',0xF66D9A923AF2E77EFF3114B029176509,2023,1,'Father','scrypt:32768:8:1$HfYcsM3SXB7LmJR5$8b342056e056f3be53097df8f59b175aa2b75185171835b838fdf73a02b810a6f717824fbd89db2e71c8dc4251aa62951fcb1cb14c887f15ed14a45bc0cfe145'),(5,'Lau','Ka Ho','Male',0x02A747907993809562E0C30686B7D7DC,0x513BE08D7E142B7BE8B6CE7DB174CA006A7AEF03417B8B230AAA51E886B8F7BBFBB142DD02CD1F0897F7C3C102E0DDCF,'kaho.lau@stu.edu.hk',0xE83F1E26667F17973F0B33C56E2E1631,2022,5,'Mother','scrypt:32768:8:1$HfYcsM3SXB7LmJR5$8b342056e056f3be53097df8f59b175aa2b75185171835b838fdf73a02b810a6f717824fbd89db2e71c8dc4251aa62951fcb1cb14c887f15ed14a45bc0cfe145'),(6,'Ng','Yan Yan','Female',0x4AF2FCDD47B708F0789329E01A9FC040,0x2E40B5C8C1CB442237157E8A78126B76F44695B1A75EE0E4BF1D3FC2A7EBB0B374AE7561C4A260CCB6B0A938A684AD20,'yanyan.ng@stu.edu.hk',0x09E651FA0A882CF07DE5F2B7A4905964,2024,6,'Father','scrypt:32768:8:1$HfYcsM3SXB7LmJR5$8b342056e056f3be53097df8f59b175aa2b75185171835b838fdf73a02b810a6f717824fbd89db2e71c8dc4251aa62951fcb1cb14c887f15ed14a45bc0cfe145'),(7,'Ho','Chun Kit','Male',0x157B8B4888A61CA6D1F3BA7875AFD2DC,0x7455CFFC1BF4F898F732E1D867666A435B3EB9EF5F70963F72FA9A3FF334E84C2115E34535EA9110B3D724F5970D95F9,'chunk.ho@stu.edu.hk',0x605D0F6CA610718AC4E5AA7D11D20DE0,2023,7,'Legal Guardian','scrypt:32768:8:1$HfYcsM3SXB7LmJR5$8b342056e056f3be53097df8f59b175aa2b75185171835b838fdf73a02b810a6f717824fbd89db2e71c8dc4251aa62951fcb1cb14c887f15ed14a45bc0cfe145'),(8,'Yeung','Wing Sze','Female',0x2D46B7ADC168EB83BC9BAE37B7A92D30,0x84E2E0552D44256AB771B1E46A198DAD25E47BAEA9088097ACCB4056624C5D9F325B9341F1FF9CD8BBBFA525571FE60E,'wings.yeung@stu.edu.hk',0xD0F7C9CC54B5F861F2E252341F42FD7C,2022,8,'Mother','scrypt:32768:8:1$HfYcsM3SXB7LmJR5$8b342056e056f3be53097df8f59b175aa2b75185171835b838fdf73a02b810a6f717824fbd89db2e71c8dc4251aa62951fcb1cb14c887f15ed14a45bc0cfe145'),(9,'Lam','Chi Wai','Male',0xDBF956C01E71D27EF4D6FD78185053AC,0x6DF1B8465F73851619FDB34729754B41DBC33FB46A86BF627EAEE6757BAD4E0C37D1C34DACBEAD0CC4CF95BFC280595E,'chiw.lam@stu.edu.hk',0x269D22D5D94015FE150A4823AAEC1B28,2024,9,'Father','scrypt:32768:8:1$HfYcsM3SXB7LmJR5$8b342056e056f3be53097df8f59b175aa2b75185171835b838fdf73a02b810a6f717824fbd89db2e71c8dc4251aa62951fcb1cb14c887f15ed14a45bc0cfe145'),(10,'Ma','Hoi Tung','Female',0xF8396C2EA7C587D6082EB4912884B60F,0xA8DF571CB994D70CBC325658B06327E860180BCD2EDEDAB9ABAD591383CAF4DDB7D0D3CE7C86436C8E1C473ADD3CB512,'hoit.ma@stu.edu.hk',0x37DD1CE898598C0539D553CA7E2709AE,2023,10,'Mother','scrypt:32768:8:1$HfYcsM3SXB7LmJR5$8b342056e056f3be53097df8f59b175aa2b75185171835b838fdf73a02b810a6f717824fbd89db2e71c8dc4251aa62951fcb1cb14c887f15ed14a45bc0cfe145'),(11,'Tsang','Kin Pong','Male',0xA7DC332464052227C9B2EB12EFF36501,0xAE05840D3061BECC21929B1F14F4346DE386294E19121E76C8A8F4C8C7509E5400EEC0D63DE53E9141D68877E667562E,'kinp.tsang@stu.edu.hk',0xB00B295ABAC8640033D312023CDEE670,2022,11,'Father','scrypt:32768:8:1$HfYcsM3SXB7LmJR5$8b342056e056f3be53097df8f59b175aa2b75185171835b838fdf73a02b810a6f717824fbd89db2e71c8dc4251aa62951fcb1cb14c887f15ed14a45bc0cfe145'),(12,'Fong','Lok Yiu','Female',0xB864E51DE44B387B9162275BBBFC352F,0xDE11EB458F2CBC9F051C783300D02B8679361CE0A4A8EBF0AF21415C69A0252F48B9FA6934AF5B34B9D1AE3DC46958EF,'loky.fong@stu.edu.hk',0xCDA614C8B7ED1F9EE0BC2A44250192DE,2024,12,'Legal Guardian','scrypt:32768:8:1$HfYcsM3SXB7LmJR5$8b342056e056f3be53097df8f59b175aa2b75185171835b838fdf73a02b810a6f717824fbd89db2e71c8dc4251aa62951fcb1cb14c887f15ed14a45bc0cfe145'),(13,'Yip','Tsz Hin','Male',0xC43DB64D5CC18B5DDDD667A3221BBEB5,0x117FFB05287B5F1507343C6B68ADE9D284C59137106E0CD3BE090935F495C7762BC39D56D0A97545FD43D8D6BD6CE66E,'tszh.yip@stu.edu.hk',0x27861214505E7BADDCB2B0519CD7EF32,2023,13,'Mother','scrypt:32768:8:1$HfYcsM3SXB7LmJR5$8b342056e056f3be53097df8f59b175aa2b75185171835b838fdf73a02b810a6f717824fbd89db2e71c8dc4251aa62951fcb1cb14c887f15ed14a45bc0cfe145'),(14,'Cheng','Hiu Lam','Female',0x5A23D1A87BF0E9C22A4B3AD901E47229,0x7C656FDF49A31BFFF64CB9BC23A53E0A5705546814A7EC07632B3D9C37EFE44ED9AD801BD0D718152CAFF85BD8C248CC,'hiul.cheng@stu.edu.hk',0x6A3B4086F3030D46011D52C340753118,2022,14,'Father','scrypt:32768:8:1$HfYcsM3SXB7LmJR5$8b342056e056f3be53097df8f59b175aa2b75185171835b838fdf73a02b810a6f717824fbd89db2e71c8dc4251aa62951fcb1cb14c887f15ed14a45bc0cfe145'),(15,'Tang','Pak Yiu','Male',0x2105B7F5FC6347A6C2CB2E6CA13899FC,0xCA36F0C3B00833109DC57C562CAF03093D34E335222BC6ADF1D9B02926B5BC2E92DFD6E1F0E83873CE4296E90B470286,'paky.tang@stu.edu.hk',0xE18AE1C79AF0D5A5349E34760B59A7F3,2024,15,'Mother','scrypt:32768:8:1$HfYcsM3SXB7LmJR5$8b342056e056f3be53097df8f59b175aa2b75185171835b838fdf73a02b810a6f717824fbd89db2e71c8dc4251aa62951fcb1cb14c887f15ed14a45bc0cfe145'),(16,'Poon','Yuen Ching','Female',0x6FEED3F40E8D4A6747281527E630C9CA,0xFC9166365F91FB4F1D118662CEE86ECC15A36E3EC3D11975431B61687DBCF9DCD9AD801BD0D718152CAFF85BD8C248CC,'yuench.poon@stu.edu.hk',0x50D9263E7F60A59120F853A8E91FB5CF,2023,16,'Father','scrypt:32768:8:1$HfYcsM3SXB7LmJR5$8b342056e056f3be53097df8f59b175aa2b75185171835b838fdf73a02b810a6f717824fbd89db2e71c8dc4251aa62951fcb1cb14c887f15ed14a45bc0cfe145'),(17,'Kwok','Jun Jie','Male',0x1D2780EF79D16BEFC454DB993841383F,0xB4F9887D3C16CF8DF17EA0109F9C410594035973B88A52EE4F3590D7918938FB665FC32ED02706211ACC01AA107101B2,'junj.kwok@stu.edu.hk',0x324FA7AC6C1988146975C913B3ADDEB7,2022,17,'Legal Guardian','scrypt:32768:8:1$HfYcsM3SXB7LmJR5$8b342056e056f3be53097df8f59b175aa2b75185171835b838fdf73a02b810a6f717824fbd89db2e71c8dc4251aa62951fcb1cb14c887f15ed14a45bc0cfe145'),(18,'Leung','Ka Yan','Female',0x9B10960BAA53EED4D61DCD9980C86AC3,0x90604E96599873B82AA65F656E25955526A6F83FB7B81E0DCAD6BB707C4884D53FC077FBE224E4835048CA3AACA450D9,'kayan.leung@stu.edu.hk',0x5AF6896F084B280F70048563BE516F70,2024,18,'Mother','scrypt:32768:8:1$HfYcsM3SXB7LmJR5$8b342056e056f3be53097df8f59b175aa2b75185171835b838fdf73a02b810a6f717824fbd89db2e71c8dc4251aa62951fcb1cb14c887f15ed14a45bc0cfe145'),(19,'Mok','Wai Lok','Male',0xF0719CDB9FAD447E6E3EEABBBB52C36D,0x7ACCC374359FC5F384314B6434EE23FBFD09CE96C50040B82A73FEBEF42A64C28A6A131B4D0C9E480A88D810B7BCB12A,'wail.mok@stu.edu.hk',0x579DDE70AD2946E4C81DB466998965B1,2023,19,'Father','scrypt:32768:8:1$HfYcsM3SXB7LmJR5$8b342056e056f3be53097df8f59b175aa2b75185171835b838fdf73a02b810a6f717824fbd89db2e71c8dc4251aa62951fcb1cb14c887f15ed14a45bc0cfe145'),(20,'Chiu','Sin Ting','Female',0x1A9127B18848C49BBBB71E52FA7F3CA9,0xDFCDAD81D62AE6A307B0F5A18E4A26815BDFA87877EE8856D70254F344045CDCD130BC9346BF70524D697DAB6FE24CD1,'sint.chiu@stu.edu.hk',0x600AEFCEF6581F36DF970D7FE474D5FB,2022,20,'Mother','scrypt:32768:8:1$HfYcsM3SXB7LmJR5$8b342056e056f3be53097df8f59b175aa2b75185171835b838fdf73a02b810a6f717824fbd89db2e71c8dc4251aa62951fcb1cb14c887f15ed14a45bc0cfe145'),(21,'Lai','Chun Hei','Male',0x5376AEA527F859FD59A125C835842E08,0xA62FD294E380F19C04B9628DF470324C065B780062EAC22B48AB961189C6056CF6C88A9D195AFC1DB48157FE6850B7F4,'chunh.lai@stu.edu.hk',0xE3E7F29FB1CD435AA408BDA9F04DD649,2023,21,'Father','scrypt:32768:8:1$HfYcsM3SXB7LmJR5$8b342056e056f3be53097df8f59b175aa2b75185171835b838fdf73a02b810a6f717824fbd89db2e71c8dc4251aa62951fcb1cb14c887f15ed14a45bc0cfe145'),(22,'Lo','Wing Tung','Female',0xF9450A3EF193CD68525021FC3C53553A,0x486451678C662E905FCDE18C2CE8CBE91F8736B1BF2E4E44DFA2A0B25D9553934441522E66A9F41BB1CF343D15E2725C,'wingt.lo@stu.edu.hk',0xBBDD9463259704DB4DF7C98A377F7245,2024,22,'Legal Guardian','scrypt:32768:8:1$HfYcsM3SXB7LmJR5$8b342056e056f3be53097df8f59b175aa2b75185171835b838fdf73a02b810a6f717824fbd89db2e71c8dc4251aa62951fcb1cb14c887f15ed14a45bc0cfe145'),(23,'Hung','Ka Chun','Male',0x2E0C3EC4656FDCC6171850542CDCAA03,0x5B37E068A2A430BCC00AA626F2D901B68B61833E1A30BACFEA7658BEDFCB987EF955049B26F0C22DF0668FA7A880BC54,'kach.hung@stu.edu.hk',0xD5EDB2688FEEB86A3C3C1AFC4C97BCDF,2023,23,'Mother','scrypt:32768:8:1$HfYcsM3SXB7LmJR5$8b342056e056f3be53097df8f59b175aa2b75185171835b838fdf73a02b810a6f717824fbd89db2e71c8dc4251aa62951fcb1cb14c887f15ed14a45bc0cfe145'),(24,'Man','Tsz Ying','Female',0xD821E7765F2E858EE8E0DB4B74962E33,0xC84943A6DDD28E9DC2600D358528D02341FB0EE78657824AABCBE042ED72CD49825486E8B6BC93642D5D404D05FCD7F3,'tszy.man@stu.edu.hk',0xDA69DC5A354787DB78E6537677B13D42,2022,24,'Father','scrypt:32768:8:1$HfYcsM3SXB7LmJR5$8b342056e056f3be53097df8f59b175aa2b75185171835b838fdf73a02b810a6f717824fbd89db2e71c8dc4251aa62951fcb1cb14c887f15ed14a45bc0cfe145'),(25,'Pang','Chi Fung','Male',0xC95B71C3C39D284DA2C008C363FBA49D,0xAE765457B6661D9DB98478339E6E7335A9BF230423DC88FDEF3EB52330634442F2208D137177452FCB9385FC766D82A5,'chif.pang@stu.edu.hk',0xA2EDA5D8146CAF69D6705BA018D076F1,2024,25,'Mother','scrypt:32768:8:1$HfYcsM3SXB7LmJR5$8b342056e056f3be53097df8f59b175aa2b75185171835b838fdf73a02b810a6f717824fbd89db2e71c8dc4251aa62951fcb1cb14c887f15ed14a45bc0cfe145'),(26,'Chow','Mei Kuen','Female',0x813892A13AFF9931791B94147BEF15E7,0xC3DC17CF05F4E2E89E497A90A83060DE2339E3748BEA7924B1BCB289A9AA6E77B61567D2911EA8EDAD68EA6083785891,'meik.chow@stu.edu.hk',0xE9CFD75776592676F5AFCEA2D1428DF7,2023,1,'Legal Guardian','scrypt:32768:8:1$HfYcsM3SXB7LmJR5$8b342056e056f3be53097df8f59b175aa2b75185171835b838fdf73a02b810a6f717824fbd89db2e71c8dc4251aa62951fcb1cb14c887f15ed14a45bc0cfe145'),(27,'Yuen','Kwok Fai','Male',0x307C79B3E47E7B5536BACF120F017823,0xD4DF4A9322CC77BFA3E8B939CB61B178BFD805CC745A0ABEA5BF1A81ED99BB08,'kwokf.yuen@stu.edu.hk',0xDEE98E06263CD1516584BD1AC27A91F8,2022,2,'Father','scrypt:32768:8:1$HfYcsM3SXB7LmJR5$8b342056e056f3be53097df8f59b175aa2b75185171835b838fdf73a02b810a6f717824fbd89db2e71c8dc4251aa62951fcb1cb14c887f15ed14a45bc0cfe145'),(28,'Fan','Hiu Ching','Female',0xB37CF6C2E993F8E9EE94A639909D9B0E,0xAC3DC6B870649EBF0F4684663E7E28C01AE153F25DEFCB1ACED7EDA41F3DD6BF3C6F6ACE2FD2F80E5F4098D7BFDD2BEA,'hiuch.fan@stu.edu.hk',0x4E5383C2B1FC1D2928E0F896EECCA1CC,2024,3,'Mother','scrypt:32768:8:1$HfYcsM3SXB7LmJR5$8b342056e056f3be53097df8f59b175aa2b75185171835b838fdf73a02b810a6f717824fbd89db2e71c8dc4251aa62951fcb1cb14c887f15ed14a45bc0cfe145'),(29,'Suen','Wing Ho','Male',0x508FF43F035CFC5F94C342DCC19C58E9,0x6125AAF4C50309E81942D2B1617451BC025325C4A4C7C80AA12CBBEB2A3CC1D44A2A3DCCEA0DC6A87BBA56BAF40B2554,'wingh.suen@stu.edu.hk',0xE1E527F084D03A95908E7BC8326E81B2,2023,4,'Father','scrypt:32768:8:1$HfYcsM3SXB7LmJR5$8b342056e056f3be53097df8f59b175aa2b75185171835b838fdf73a02b810a6f717824fbd89db2e71c8dc4251aa62951fcb1cb14c887f15ed14a45bc0cfe145'),(30,'Tong','Ka Po','Female',0x7679A947AE5F3B4181AAC6C87D0D3191,0xBFA036CACE398C5978E94690A78261D2942EE0A5A594CE23673C6D39E81010C3,'kapo.tong@stu.edu.hk',0xEAF9C79CFE5F82CB145DAE05A6EF66EF,2022,5,'Mother','scrypt:32768:8:1$HfYcsM3SXB7LmJR5$8b342056e056f3be53097df8f59b175aa2b75185171835b838fdf73a02b810a6f717824fbd89db2e71c8dc4251aa62951fcb1cb14c887f15ed14a45bc0cfe145'),(31,'王','小明',NULL,NULL,0x0EB504B0C6285D4F2DEBC14B6B5D3698C2BEC769967B458603683495F11F1752,'student1@example.com',0x601E686D248E6B7C47D5A1FB595756F5,2023,NULL,NULL,'scrypt:32768:8:1$HfYcsM3SXB7LmJR5$8b342056e056f3be53097df8f59b175aa2b75185171835b838fdf73a02b810a6f717824fbd89db2e71c8dc4251aa62951fcb1cb14c887f15ed14a45bc0cfe145'),(32,'李','小華',NULL,NULL,0x462C3D1A5EA64EED1C2BAD57126DB794C2BEC769967B458603683495F11F1752,'student2@example.com',0x1DC2DBD93359BDD28604A54EB3BF2176,2022,NULL,NULL,'scrypt:32768:8:1$HfYcsM3SXB7LmJR5$8b342056e056f3be53097df8f59b175aa2b75185171835b838fdf73a02b810a6f717824fbd89db2e71c8dc4251aa62951fcb1cb14c887f15ed14a45bc0cfe145');
/*!40000 ALTER TABLE `students` ENABLE KEYS */;
UNLOCK TABLES;

--
-- Dumping routines for database 'ComputingU'
--
/*!40103 SET TIME_ZONE=@OLD_TIME_ZONE */;

/*!40101 SET SQL_MODE=@OLD_SQL_MODE */;
/*!40014 SET FOREIGN_KEY_CHECKS=@OLD_FOREIGN_KEY_CHECKS */;
/*!40014 SET UNIQUE_CHECKS=@OLD_UNIQUE_CHECKS */;
/*!40101 SET CHARACTER_SET_CLIENT=@OLD_CHARACTER_SET_CLIENT */;
/*!40101 SET CHARACTER_SET_RESULTS=@OLD_CHARACTER_SET_RESULTS */;
/*!40101 SET COLLATION_CONNECTION=@OLD_COLLATION_CONNECTION */;
/*!40111 SET SQL_NOTES=@OLD_SQL_NOTES */;

-- Dump completed on 2025-11-20 23:21:25
